key,faboc_store,unit_filter,hp_name,kind,mode,page_path,list_page,publish,campaign,note
sagamidai_tr,TR相模台,トランクルーム,TR相模台,indoor,room,/sagamihara/minami/sagmidai/tr,/okunai/sagamihara,1,６か月以上利用で初月賃料無料,
araisono,新磯野,コンテナ,新磯野,outdoor,type,/sagamihara/minami/araisono,/okugai/sagamihara,1,６か月以上利用で初月賃料無料,
isobe,磯部,コンテナ,磯部,outdoor,type,/sagamihara/minami/isobe,/okugai/sagamihara,1,６か月以上利用で初月賃料無料,
kamiimaizumi,上今泉,コンテナ,上今泉,outdoor,type,/ebina/kamiimaizumi,/okugai/ebina,1,６か月以上利用で初月賃料無料,
oikawa,及川,コンテナ,及川,outdoor,type,/atsugi/oikawa,/okugai/atsugi,1,６か月以上利用で初月賃料無料,
ootanimimami,★2025解約★大谷南,,大谷南,outdoor,type,,,0,,解約済のため非公開
okada_a,岡田Ａ,コンテナ,岡田A,outdoor,type,/atsugi/okada/a,/okugai/atsugi,1,６か月以上利用で初月賃料無料,
okada_b,岡田Ｂ,コンテナ,岡田B,outdoor,type,/atsugi/okada/b,/okugai/atsugi,1,６か月以上利用で初月賃料無料,駐車場UNITは除外
onna,恩名,コンテナ,恩名,outdoor,type,/atsugi/onna,/okugai/atsugi,1,６か月以上利用で初月賃料無料,
kamiogino,上荻野,コンテナ,上荻野,outdoor,type,/atsugi/kamiogino,/okugai/atsugi,1,６か月以上利用で初月賃料無料,
kamigo,上郷2024年7月解約,,上郷,outdoor,type,,,0,,解約済のため非公開
kokubuminami,国分南,コンテナ,国分南,outdoor,type,/ebina/kokubuminami,/okugai/ebina,1,６か月以上利用で初月賃料無料,
sagamidai,相模台,コンテナ,相模台,outdoor,type,/sagamihara/minami/sagmidai,/okugai/sagamihara,1,６か月以上利用で初月賃料無料,
sagamidai_bike,相模台,バイク,相模台,bike,room,/sagamihara/minami/sagamidai/bike,/bike/sagamihara,1,６か月以上利用で初月賃料無料,
nakatu_b,中津Ｂ,コンテナ,中津B,outdoor,type,/aikawa/nakatu/b,/okugai/aikougunaikawamati,1,６か月以上利用で初月賃料無料,
cyuourinkannisi,中央林間西,コンテナ,中央林間西,outdoor,type,/yamato/cyuourinkannisi,/okugai/yamato,1,６か月以上利用で初月賃料無料,
simoogino_c,下荻野Ｃ,コンテナ,下荻野C,outdoor,type,/atsugi/simoogino/c,/okugai/atsugi,1,６か月以上利用で初月賃料無料,
tumadanisi_a,妻田西Ａ,コンテナ,妻田西A,outdoor,type,/atsugi/tumadanisi/a,/okugai/atsugi,1,６か月以上利用で初月賃料無料,
tumadanisi_b,妻田西Ｂ,コンテナ,妻田西B,outdoor,type,/atsugi/tumadanisi/b,/okugai/atsugi,1,６か月以上利用で初月賃料無料,
simoogino_b,下荻野Ｂ,コンテナ,下荻野B,outdoor,type,/atsugi/simoogino/b,/okugai/atsugi,1,６か月以上利用で初月賃料無料,
sugikubokita,杉久保北,コンテナ,杉久保北,outdoor,type,/ebina/sugikubokita,/okugai/ebina,1,６か月以上利用で初月賃料無料,
tanasawa,棚沢,コンテナ,棚沢,outdoor,type,/atsugi/tanasawa,/okugai/atsugi,1,６か月以上利用で初月賃料無料,
tumadakita_a,妻田北A,コンテナ,妻田北A,outdoor,type,/atsugi/tumadakita/a,/okugai/atsugi,1,６か月以上利用で初月賃料無料,
tumadakita_a_bike,妻田北A,バイク,妻田北A,bike,room,/atsugi/tumadakita/a/bike,/bike/atsugi,1,６か月以上利用で初月賃料無料,
tumadahigasi,妻田東,コンテナ,妻田東,outdoor,type,/atsugi/tumadahigasi,/okugai/atsugi,1,６か月以上利用で初月賃料無料,
nakaogino,中荻野,コンテナ,中荻野,outdoor,type,/atsugi/nakaogino,/okugai/atsugi,1,６か月以上利用で初月賃料無料,
nakaogino_bike,中荻野,バイク,中荻野,bike,room,/atsuginakaogino/bike,/bike/atsugi,1,６か月以上利用で初月賃料無料,
nakatu_a,中津A,コンテナ,中津A,outdoor,type,/aikawa/nakatu/a,/okugai/aikougunaikawamati,1,６か月以上利用で初月賃料無料,
nagatake,長竹　閉鎖,,長竹,outdoor,type,,,0,,閉鎖のため非公開
simoogino_a,下荻野Ａ,コンテナ,下荻野A,outdoor,type,/atsugi/simoogino/a,/okugai/atsugi,1,６か月以上利用で初月賃料無料,
hayakawa,早川,コンテナ,早川,outdoor,type,/ayase/hayakawa,/okugai/ayase,1,６か月以上利用で初月賃料無料,
hayasi_a,林A,コンテナ,林A,outdoor,type,/atsugi/hayasi/a,/okugai/atsugi,1,６か月以上利用で初月賃料無料,
hayasi_b,林B,コンテナ,林B,outdoor,type,/atsugi/hayasi/b,/okugai/atsugi,1,６か月以上利用で初月賃料無料,
hayasi_c,林C,コンテナ,林C,outdoor,type,/atsugi/hayasi/c,/okugai/atsugi,1,６か月以上利用で初月賃料無料,
hayasi_d,林D,コンテナ,林D,outdoor,type,/atsugi/hayasi/d,/okugai/atsugi,1,６か月以上利用で初月賃料無料,
hayasi_d_bike,林D,バイク,林D,bike,room,/atsugi/hayasi/d/bike,/bike/atsugi,1,６か月以上利用で初月賃料無料,ファボック上はUNIT=コンテナ・種別◎KCS1250
iiyama,飯山,コンテナ,飯山,outdoor,type,/atsugi/iiyama,/okugai/atsugi,1,６か月以上利用で初月賃料無料,
tumadanisi_c,妻田西Ｃ,コンテナ,妻田西C,outdoor,type,/atsugi/tumadanisi/c,/okugai/atsugi,1,６か月以上利用で初月賃料無料,
tumadanisi_c_bike,妻田西Ｃ,バイク,妻田西C,bike,room,/atsugi/tumadanisi/c/bike,/bike/atsugi,1,６か月以上利用で初月賃料無料,
asahicyo_tr,TR旭町,トランクルーム,TR旭町,indoor,room,/atsugi/asahicyo/tr,/okunai/atsugi,1,６か月以上利用で初月賃料無料,
tumadakita_b,妻田北Ｂ,コンテナ,妻田北B,outdoor,type,/atsugi/tumadakita/b,/okugai/atsugi,1,６か月以上利用で初月賃料無料,
tumadakita_b_bike,妻田北Ｂ,バイク,妻田北B,bike,room,/atsugi/tumadakita/b/bike,/bike/atsugi,1,６か月以上利用で初月賃料無料,
sakuramori,桜森１丁目,コンテナ,桜森1丁目,outdoor,room,/yamato/sakuramori,/okugai/yamato,1,６か月以上利用で初月賃料無料,HPは室番号ごとの表
sakuramori_bike,桜森１丁目,バイク,桜森1丁目,bike,room,/yamato/sakuramori/bike,/bike/yamato,1,６か月以上利用で初月賃料無料,
hanbara,半原,コンテナ,半原,outdoor,type,/aikawa/hanbara,/okugai/aikougunaikawamati,1,６か月以上利用で初月賃料無料,
hiratsukaakashi_tr,TR平塚明石町,トランクルーム,TR平塚明石町,indoor,room,/hiratsukaakashi/tr,/okunai/hiratsuka,1,６か月以上利用で初月賃料無料,
saiwaicyou_bike,幸町,バイク,幸町,bike,room,/atsugisaiwaicyou/bk,/bike/atsugi,1,６か月以上利用で初月賃料無料,
nakashinden_bike,中新田,バイク,中新田,bike,room,/ebinanakashinden/bk,/bike/ebina,1,６か月以上利用で初月賃料無料,
simoimaizumi,下今泉,コンテナ,下今泉,outdoor,type,/ebina/simoimaizumi,/okugai/ebina,1,６か月以上利用で初月賃料無料,
simoimaizumi_bike,下今泉,バイク,下今泉,bike,room,/ebinasimoimaizumi/bk,/bike/ebina,1,６か月以上利用で初月賃料無料,
simoogino_d,下荻野D,コンテナ,下荻野D,outdoor,type,/atsugi/simoogino/d,/okugai/atsugi,1,６か月以上利用で初月賃料無料,
simoogino_d_bike,下荻野D,バイク,下荻野D,bike,room,/atsugi/simoogino/d/bike,/bike/atsugi,1,６か月以上利用で初月賃料無料,
tamuracyou_bike,田村町,バイク,田村町,bike,room,/atsugitamuracyou/bk,/bike/atsugi,1,６か月以上利用で初月賃料無料,
hadanohoncyou_tr,TR秦野本町,トランクルーム,TR秦野本町,indoor,room,/hadanohoncyou/tr,/okunai/hadano,1,６か月以上利用で初月賃料無料,
tumadanisi_bike,妻田西,バイク,妻田西,bike,room,/atsugitumadanishi/bike,/bike/atsugi,1,６か月以上利用で初月賃料無料,
tsurumakionsen_tr,鶴巻温泉駅前,トランクルーム,鶴巻温泉駅前,indoor,room,/tsurumakionsenekimae/tr,/okunai/hadano,1,６か月以上利用で初月賃料無料,
asahicyo_bike,旭町,バイク,旭町,bike,room,/atsugiasahicyou/bk,/bike/atsugi,1,６か月以上利用で初月賃料無料,
nakasinden_a,中新田A,トランクルーム,中新田A,outdoor,room,/ebina/nakasinden/a,/okugai/ebina,1,６か月以上利用で初月賃料無料,ファボック上はUNIT=トランクルームだがHPは屋外型
nakatu_c,中津C,コンテナ,中津C,outdoor,type,/aikawa/nakatu/c,/okugai/aikougunaikawamati,1,６か月以上利用で初月賃料無料,
nakatu_c_bike,中津C,バイク,中津C,bike,room,/aikawa/nakatu/c/bk,/bike/aikougunaikawamati,1,６か月以上利用で初月賃料無料,
